Workbook
Name B: #NAME?
Name H: #NAME?
Name b: #NAME?
Name A: #NAME?
Name C: #NAME?
Name c: #NAME?

Sheet raw
B1: debye | C1: prop | D1: diff | G1: parameter | H1: value
A2: 0 | B2: 2.7681177e+09 | C2: 3.3757975e+09 | D2: =ABS(raw!C2-raw!B2) -> 6.0767979e+08 | G2: advice | H2: 3972
A3: 0.02 | B3: 2.4566948e+09 | C3: 2.9957893e+09 | D3: =ABS(raw!C3-raw!B3) -> 5.3909454e+08 | G3: epsilon | H3: 0.1
A4: 0.04 | B4: 1.7405427e+09 | C4: 2.1220768e+09 | D4: =ABS(raw!C4-raw!B4) -> 3.8153406e+08 | G4: samples | H4: =ROUNDDOWN(SQRT(raw!H2)/0.10000000000000001,0) -> 630
A5: 0.06 | B5: 1.0344996e+09 | C5: 1.2610525e+09 | D5: =ABS(raw!C5-raw!B5) -> 2.2655285e+08
A6: 0.08 | B6: 5.6822906e+08 | C6: 6.9282632e+08 | D6: =ABS(raw!C6-raw!B6) -> 1.2459726e+08
A7: 0.1 | B7: 3.1920364e+08 | C7: 3.8958048e+08 | D7: =ABS(raw!C7-raw!B7) -> 70376844
A8: 0.12 | B8: 1.8969073e+08 | C8: 2.3188355e+08 | D8: =ABS(raw!C8-raw!B8) -> 42192822
A9: 0.14 | B9: 1.197599e+08 | C9: 1.4665968e+08 | D9: =ABS(raw!C9-raw!B9) -> 26899781
A10: 0.16 | B10: 80397952 | C10: 98611632 | D10: =ABS(raw!C10-raw!B10) -> 18213681
A11: 0.18 | B11: 53687358 | C11: 65915914 | D11: =ABS(raw!C11-raw!B11) -> 12228556
A12: 0.2 | B12: 32337465 | C12: 39695448 | D12: =ABS(raw!C12-raw!B12) -> 7357983.5
A13: 0.22 | B13: 17046930 | C13: 20860416 | D13: =ABS(raw!C13-raw!B13) -> 3813485.4
A14: 0.24 | B14: 9258804.6 | C14: 11229626 | D14: =ABS(raw!C14-raw!B14) -> 1970821.1
A15: 0.26 | B15: 7038658.6 | C15: 8453643.6 | D15: =ABS(raw!C15-raw!B15) -> 1414985
A16: 0.28 | B16: 6744159.1 | C16: 8071820.2 | D16: =ABS(raw!C16-raw!B16) -> 1327661.2
... A27: 0.5 | B27: 2364121.2 | C27: 2710175.9 | D27: =ABS(raw!C27-raw!B27) -> 346054.7

Sheet first_derivative
A1: Q | B1: debye | C1: prop | D1: diff
A2: 0.02 | B2: =(raw!B3-raw!B2)/(raw!A3-raw!A2) -> -1.5571145e+10 | C2: =(raw!C3-raw!C2)/(raw!A3-raw!A2) -> -1.9000408e+10 | D2: =ABS(first_derivative!C2-first_derivative!B2) -> 3.4292624e+09
A3: 0.04 | B3: =(raw!B4-raw!B3)/(raw!A4-raw!A3) -> -3.58076e+10 | C3: =(raw!C4-raw!C3)/(raw!A4-raw!A3) -> -4.3685625e+10 | D3: =ABS(first_derivative!C3-first_derivative!B3) -> 7.8780245e+09
A4: 0.06 | B4: =(raw!B5-raw!B4)/(raw!A5-raw!A4) -> -3.5302155e+10 | C4: =(raw!C5-raw!C4)/(raw!A5-raw!A4) -> -4.3051216e+10 | D4: =ABS(first_derivative!C4-first_derivative!B4) -> 7.7490603e+09
A5: 0.08 | B5: =(raw!B6-raw!B5)/(raw!A6-raw!A5) -> -2.3313529e+10 | C5: =(raw!C6-raw!C5)/(raw!A6-raw!A5) -> -2.8411308e+10 | D5: =ABS(first_derivative!C5-first_derivative!B5) -> 5.0977795e+09
A6: 0.1 | B6: =(raw!B7-raw!B6)/(raw!A7-raw!A6) -> -1.2451271e+10 | C6: =(raw!C7-raw!C6)/(raw!A7-raw!A6) -> -1.5162292e+10 | D6: =ABS(first_derivative!C6-first_derivative!B6) -> 2.7110207e+09
A7: 0.12 | B7: =(raw!B8-raw!B7)/(raw!A8-raw!A7) -> -6.4756455e+09 | C7: =(raw!C8-raw!C7)/(raw!A8-raw!A7) -> -7.8848466e+09 | D7: =ABS(first_derivative!C7-first_derivative!B7) -> 1.4092011e+09
A8: 0.14 | B8: =(raw!B9-raw!B8)/(raw!A9-raw!A8) -> -3.4965414e+09 | C8: =(raw!C9-raw!C8)/(raw!A9-raw!A8) -> -4.2611935e+09 | D8: =ABS(first_derivative!C8-first_derivative!B8) -> 7.6465206e+08
A9: 0.16 | B9: =(raw!B10-raw!B9)/(raw!A10-raw!A9) -> -1.9680974e+09 | C9: =(raw!C10-raw!C9)/(raw!A10-raw!A9) -> -2.4024025e+09 | D9: =ABS(first_derivative!C9-first_derivative!B9) -> 4.3430501e+08
A10: 0.18 | B10: =(raw!B11-raw!B10)/(raw!A11-raw!A10) -> -1.3355297e+09 | C10: =(raw!C11-raw!C10)/(raw!A11-raw!A10) -> -1.6347859e+09 | D10: =ABS(first_derivative!C10-first_derivative!B10) -> 2.9925624e+08
A11: 0.2 | B11: =(raw!B12-raw!B11)/(raw!A12-raw!A11) -> -1.0674947e+09 | C11: =(raw!C12-raw!C11)/(raw!A12-raw!A11) -> -1.3110233e+09 | D11: =ABS(first_derivative!C11-first_derivative!B11) -> 2.4352861e+08
A12: 0.22 | B12: =(raw!B13-raw!B12)/(raw!A13-raw!A12) -> -7.6452673e+08 | C12: =(raw!C13-raw!C12)/(raw!A13-raw!A12) -> -9.4175164e+08 | D12: =ABS(first_derivative!C12-first_derivative!B12) -> 1.772249e+08
A13: 0.24 | B13: =(raw!B14-raw!B13)/(raw!A14-raw!A13) -> -3.8940628e+08 | C13: =(raw!C14-raw!C13)/(raw!A14-raw!A13) -> -4.815395e+08 | D13: =ABS(first_derivative!C13-first_derivative!B13) -> 92133215
... A26: 0.5 | B26: =(raw!B27-raw!B26)/(raw!A27-raw!A26) -> -8570796 | C26: =(raw!C27-raw!C26)/(raw!A27-raw!A26) -> -10566891 | D26: =ABS(first_derivative!C26-first_derivative!B26) -> 1996094.9
